<org.obiba.magma.views.View>
  <name>join-1-2-3</name>
  <from class="org.obiba.magma.views.JoinTable">
    <list>
      <table class="org.obiba.magma.support.ValueTableReference">
        <reference>joins.join-src-1</reference>
      </table>
      <table class="org.obiba.magma.support.ValueTableReference">
        <reference>joins.join-src-2</reference>
      </table>
      <table class="org.obiba.magma.support.ValueTableReference">
        <reference>joins.join-src-3</reference>
      </table>
    </list>
  </from>
  <select class="org.obiba.magma.views.support.NoneClause"/>
  <where class="org.obiba.magma.views.support.AllClause"/>
  <variables class="org.obiba.magma.js.views.VariablesClause">
    <variables class="linked-hash-set">
      <variable name="VAR1" valueType="text" entityType="Participant" unit="" mimeType="" referencedEntityType="" index="0" repeatable="true" occurrenceGroup="var1-2">
        <attributes>
          <attribute name="script" valueType="text">$(&apos;VAR1&apos;)</attribute>
          <attribute name="derivedFrom" namespace="opal" valueType="text">/datasource/joins/table/join-1-2-3/variable/VAR1</attribute>
          <attribute name="label" valueType="text" locale="en">VAR1 - text</attribute>
        </attributes>
      </variable>
      <variable name="VAR1NotRepeatable" valueType="text" entityType="Participant" unit="" mimeType="" referencedEntityType="" index="0">
        <attributes>
          <attribute name="derivedFrom" namespace="opal" valueType="text">/datasource/joins/table/join-1-2-3/variable/VAR1NotRepeatable</attribute>
          <attribute name="script" valueType="text">$(&apos;VAR1&apos;)</attribute>
        </attributes>
      </variable>
      <variable name="VAR2" valueType="text" entityType="Participant" unit="" mimeType="" referencedEntityType="" index="0" repeatable="true" occurrenceGroup="var1-2">
        <attributes>
          <attribute name="derivedFrom" namespace="opal" valueType="text">/datasource/joins/table/join-src-1/variable/VAR2</attribute>
          <attribute name="script" valueType="text">$(&apos;VAR2&apos;)</attribute>
        </attributes>
      </variable>
      <variable name="VAR3" valueType="text" entityType="Participant" unit="" mimeType="" referencedEntityType="" index="0">
        <attributes>
          <attribute name="derivedFrom" namespace="opal" valueType="text">/datasource/joins/table/join-src-3/variable/VAR3</attribute>
          <attribute name="script" valueType="text">$(&apos;VAR3&apos;)</attribute>
        </attributes>
      </variable>
    </variables>
  </variables>
  <created valueType="datetime">2016-10-25T11:08:46.224+02</created>
  <updated valueType="datetime">2016-10-25T17:01:50.926+02</updated>
</org.obiba.magma.views.View>